id,first_name,last_name,email,gender,ip_address
1,Diannne,Klimschak,dklimschak0@dell.com,Polygender,136.255.70.60
2,Yvon,Nowaczyk,ynowaczyk1@posterous.com,Male,253.127.62.15
3,Emelda,Murrells,emurrells2@prnewswire.com,Female,6.233.29.125
4,Debby,Millin,dmillin3@ted.com,Female,186.98.84.135
5,Egbert,Neesam,eneesam4@exblog.jp,Male,164.196.79.149
6,Myrah,Pastor,mpastor5@com.com,Female,153.61.61.152
7,Bartholemy,Nevill,bnevill6@icio.us,Genderqueer,59.24.223.135
8,Oralia,Craig,ocraig7@stumbleupon.com,Female,47.155.132.12
9,Michale,Crummy,mcrummy8@networkadvertising.org,Male,156.172.59.102
10,Yance,Rijkeseis,yrijkeseis9@example.com,Male,122.236.57.63
